_id,club
6048d8a0e56ecc001756487d,61df5196ac8a1c00186039e9
60525b5d91530f001704bc39,61df5196ac8a1c00186039e9
605446a74d75ad0017c003a0,61d895dc998bfb00186e168a
6055dbe57a76cf0017dfce01,604e56756587330017697251
6055de667a76cf0017dfce03,611bf1f6fe16ff48a850e307
6058c9454cf1700017ce4e86,611bf1f6fe16ff48a850e30f
6059f7d4e7a99d0017cde179,6048acbbe56ecc0017564863
605a1876bba0ab0017ed02e7,60620e620727700017d932d9
605ae1dd0e7ed900173af25b,611bf1f6fe16ff48a850e2ff
605cc66966809f0017dedc62,605cc55266809f0017dedc60
6060fd4899d65b0017f26d9d,6048acbbe56ecc0017564863
606b4deba2661f0017c67ee9,6048acc7e56ecc0017564864
606c983a1c062e001789982e,605dc47d19793a00171e3d48
606ca8ff85fe7b001700ff0b,611bf1f6fe16ff48a850e306
60700a614aa24100171498e6,60c0b4870689d1001791813c
6075ad295b6e5a0017c40ae3,611bf1f6fe16ff48a850e2c5
6075db2ecb5287001766a3a7,611bf1f6fe16ff48a850e306
607685e963f01a0017495607,611bf1f6fe16ff48a850e2fe
60a1496dc55fb30017f085c7,607362075b6a400017c4dfcf
60ae08b7d985310017f89ca9,611bf1f6fe16ff48a850e31f
60be066a366ec50017de49aa,611bf1f6fe16ff48a850e2f7
60be6050e0e4a000178a767c,611bf1f6fe16ff48a850e306
60bfc99f53de51001783b9dd,611bf1f6fe16ff48a850e306
60c85376e52e9b0017c80c79,611bf1f6fe16ff48a850e2f6
60d2efec622c760017a9ff8f,6055dbb67a76cf0017dfce00
60d31fd9db02b80017f5fb29,604e56756587330017697251
61153ac663870a0017cd4eb1,6060f6f799d65b0017f26d9a
612137ec7fd6c70018b2afa8,611bf1f6fe16ff48a850e322
612b3f66ef343a0018089b5c,611bf1f6fe16ff48a850e304
6137d428dbfe2f47acea0786,611bf1f6fe16ff48a850e31a
6137d428dbfe2f47acea0789,611bf1f6fe16ff48a850e2e9
6137d428dbfe2f47acea0790,611bf1f6fe16ff48a850e2be
6137d428dbfe2f47acea0792,611bf1f6fe16ff48a850e322
6137d428dbfe2f47acea0796,611bf1f6fe16ff48a850e2ac
6137d428dbfe2f47acea07b8,611bf1f6fe16ff48a850e2be
6137d428dbfe2f47acea07c6,611bf1f6fe16ff48a850e2bd
6137d428dbfe2f47acea07cf,60a1492ec55fb30017f085c6
6137d428dbfe2f47acea07d0,611bf1f6fe16ff48a850e31b
6137d428dbfe2f47acea07ed,611bec29a3796c00171c2f8f
6137d428dbfe2f47acea0809,611bf1f6fe16ff48a850e2af
6137d428dbfe2f47acea080c,611bf1f6fe16ff48a850e316
6137d428dbfe2f47acea0835,6060f6f799d65b0017f26d9a
6137d428dbfe2f47acea083a,60c0b4870689d1001791813c
6137d428dbfe2f47acea0849,611bf1f6fe16ff48a850e2eb
6137d428dbfe2f47acea0859,611bf1f6fe16ff48a850e308
6137d428dbfe2f47acea085d,611bf1f6fe16ff48a850e311
6137d428dbfe2f47acea0862,60a1492ec55fb30017f085c6
6137d428dbfe2f47acea0865,6075ace75b6e5a0017c40ae2
6137d428dbfe2f47acea086b,611bf1f6fe16ff48a850e31a
6137d428dbfe2f47acea0874,6115315f63870a0017cd4eae
6137d428dbfe2f47acea0875,611bf1f6fe16ff48a850e2ad
6137d428dbfe2f47acea087c,611bf1f6fe16ff48a850e310
6137d428dbfe2f47acea087f,611bf1f6fe16ff48a850e300
6137d428dbfe2f47acea0894,6048da42e56ecc0017564881
6137d428dbfe2f47acea08a6,611bf1f6fe16ff48a850e2b8
6137d428dbfe2f47acea08b4,607ed66d9318290017d92528
6137d428dbfe2f47acea08bb,611bf1f6fe16ff48a850e2a7
6137d428dbfe2f47acea08bf,60a1492ec55fb30017f085c6
6137d428dbfe2f47acea08d0,6048d869e56ecc001756487c
6137d428dbfe2f47acea08d4,611bf1f6fe16ff48a850e2f6
6137d429dbfe2f47acea08e1,611bf1f6fe16ff48a850e2be
6137d429dbfe2f47acea091f,611bf1f6fe16ff48a850e2f0
6137d429dbfe2f47acea092b,60532bcfaaeb6200179cd527
6137d429dbfe2f47acea0936,6058ecc1ca90dc001755c7b1
6137d429dbfe2f47acea0941,608c59ccf16ff70017cfecd5
6137d429dbfe2f47acea0956,611bf1f6fe16ff48a850e2ac
6137d429dbfe2f47acea0959,611bf1f6fe16ff48a850e2d2
6137d429dbfe2f47acea0981,605cc55266809f0017dedc60
6137d429dbfe2f47acea099a,608197d970246700177714df
6137d429dbfe2f47acea09a2,611bf1f6fe16ff48a850e2ac
6137d429dbfe2f47acea09a9,60c0b4870689d1001791813c
6137d429dbfe2f47acea09b8,611bf1f6fe16ff48a850e305
6137d429dbfe2f47acea09bb,611bf1f6fe16ff48a850e2f6
6137d429dbfe2f47acea09bc,6058ecc1ca90dc001755c7b1
6137d429dbfe2f47acea09d7,6048d869e56ecc001756487c
6137d429dbfe2f47acea09d9,611bf1f6fe16ff48a850e2ad
6137d429dbfe2f47acea09e5,611bf1f6fe16ff48a850e2ad
6137d429dbfe2f47acea09f0,611bf1f6fe16ff48a850e2aa
6137d429dbfe2f47acea0a02,611bf1f6fe16ff48a850e314
6137d429dbfe2f47acea0a07,611bf1f6fe16ff48a850e308
6137d429dbfe2f47acea0a0c,611bf1f6fe16ff48a850e2ce
6137d429dbfe2f47acea0a1e,6048acbbe56ecc0017564863
6137d429dbfe2f47acea0a22,6058c9064cf1700017ce4e85
6137d429dbfe2f47acea0a27,6048d2b0e56ecc001756486d
6137d429dbfe2f47acea0a29,604e56756587330017697251
6137d429dbfe2f47acea0a2e,6051bde0f184510017fefc5c
6137d429dbfe2f47acea0a31,611bf1f6fe16ff48a850e300
6137d429dbfe2f47acea0a32,611bf1f6fe16ff48a850e31e
6137d429dbfe2f47acea0a3d,611bf1f6fe16ff48a850e300
6137d429dbfe2f47acea0a46,611bf1f6fe16ff48a850e308
6137d429dbfe2f47acea0a47,611bf1f6fe16ff48a850e2ff
6137d429dbfe2f47acea0a49,611bf1f6fe16ff48a850e2d1
6137d429dbfe2f47acea0a4a,611bf1f6fe16ff48a850e302
6137d429dbfe2f47acea0a50,611bf1f6fe16ff48a850e2c5
6137d429dbfe2f47acea0a5c,604e56756587330017697251
6137d429dbfe2f47acea0a66,611bf1f6fe16ff48a850e2f7
6137d429dbfe2f47acea0a69,6115315f63870a0017cd4eae
6137d429dbfe2f47acea0a74,61d895dc998bfb00186e168a
6137d429dbfe2f47acea0a86,611bf1f6fe16ff48a850e2ac
6137d429dbfe2f47acea0a89,611bf1f6fe16ff48a850e308
6137d429dbfe2f47acea0a8d,611bf1f6fe16ff48a850e2cd
6137d429dbfe2f47acea0a91,611bf1f6fe16ff48a850e2f6
6137d429dbfe2f47acea0a99,611bf1f6fe16ff48a850e302
6137d429dbfe2f47acea0ab2,611bf1f6fe16ff48a850e317
6137d429dbfe2f47acea0aba,609448fd74358300175c4a8c
6137d429dbfe2f47acea0abb,611bf1f6fe16ff48a850e2cd
6137d429dbfe2f47acea0abc,611bf1f6fe16ff48a850e2e0
6137d429dbfe2f47acea0ac3,611bf1f6fe16ff48a850e2d2
6137d429dbfe2f47acea0ac6,611bf1f6fe16ff48a850e2c6
6137d429dbfe2f47acea0ad1,611bf1f6fe16ff48a850e2c6
6137d429dbfe2f47acea0ad7,611bf1f6fe16ff48a850e2be
6137d429dbfe2f47acea0add,611bf1f6fe16ff48a850e2aa
6137d429dbfe2f47acea0ae3,611bf1f6fe16ff48a850e2c5
6137d429dbfe2f47acea0af5,611bf1f6fe16ff48a850e2f2
6137d429dbfe2f47acea0b09,611bf1f6fe16ff48a850e2f9
6137d429dbfe2f47acea0b0b,611bf1f6fe16ff48a850e2f0
6137d429dbfe2f47acea0b0e,611bf1f6fe16ff48a850e308
6137d429dbfe2f47acea0b15,60620e620727700017d932d9
6137d429dbfe2f47acea0b31,611bf1f6fe16ff48a850e2a8
6137d429dbfe2f47acea0b3d,61d895dc998bfb00186e168a
6137d429dbfe2f47acea0b44,611bf1f6fe16ff48a850e2ff
6137d429dbfe2f47acea0b48,611bf1f6fe16ff48a850e313
6137d429dbfe2f47acea0b4b,611bf1f6fe16ff48a850e302
6137d429dbfe2f47acea0b53,606b5bd736819c0017b655b1
6137d429dbfe2f47acea0b63,60532bcfaaeb6200179cd527
6137d429dbfe2f47acea0b62,611bf1f6fe16ff48a850e2b0
6137d429dbfe2f47acea0b6f,611bf1f6fe16ff48a850e304
6137d429dbfe2f47acea0b71,611bf1f6fe16ff48a850e2bf
6137d429dbfe2f47acea0b73,611bf1f6fe16ff48a850e302
6137d429dbfe2f47acea0b75,611bf1f6fe16ff48a850e300
6137d429dbfe2f47acea0b85,611bf1f6fe16ff48a850e2f6
6137d429dbfe2f47acea0b91,61c6f85fa6ec6d0018acf40a
6137d429dbfe2f47acea0b92,605ae1a30e7ed900173af25a
6137d429dbfe2f47acea0ba5,611bf1f6fe16ff48a850e2ff
6137d429dbfe2f47acea0bbf,611bf1f6fe16ff48a850e316
6137d429dbfe2f47acea0bcd,611bf1f6fe16ff48a850e2f6
6137d429dbfe2f47acea0bd3,611bf1f6fe16ff48a850e2f6
6137d429dbfe2f47acea0bd6,611bf1f6fe16ff48a850e313
6137d429dbfe2f47acea0bfe,611bf1f6fe16ff48a850e320
6137d429dbfe2f47acea0c01,611bf1f6fe16ff48a850e2f7
6137d429dbfe2f47acea0c11,611bf1f6fe16ff48a850e2f5
6137d429dbfe2f47acea0c2c,611bf1f6fe16ff48a850e2d9
6137d429dbfe2f47acea0c31,611bf1f6fe16ff48a850e31f
6137d429dbfe2f47acea0c4b,61c6f85fa6ec6d0018acf40a
6137d429dbfe2f47acea0c51,611bf1f6fe16ff48a850e2a7
6137d429dbfe2f47acea0c56,608c59ccf16ff70017cfecd5
6137d429dbfe2f47acea0c55,6075ace75b6e5a0017c40ae2
6137d429dbfe2f47acea0c71,61d895dc998bfb00186e168a
6137d429dbfe2f47acea0c78,611bf1f6fe16ff48a850e2e5
6137d429dbfe2f47acea0c7a,611bf1f6fe16ff48a850e2df
6137d429dbfe2f47acea0c7b,60a7b0477f0cd6001798dadf
6137d429dbfe2f47acea0c7f,611bf1f6fe16ff48a850e2d2
6137d429dbfe2f47acea0c80,611bf1f6fe16ff48a850e2b9
6137d429dbfe2f47acea0c8c,60c0b4870689d1001791813c
6137d429dbfe2f47acea0c8f,611bf1f6fe16ff48a850e2af
6137d429dbfe2f47acea0c99,60adf9f2b27fc70017e1a8d6
6137d429dbfe2f47acea0ca0,61d895dc998bfb00186e168a
6137d429dbfe2f47acea0cac,6083e7a3ea008800175f70fd
6137d429dbfe2f47acea0cad,611bf1f6fe16ff48a850e2ff
6137d429dbfe2f47acea0cbc,61c6f85fa6ec6d0018acf40a
6137d429dbfe2f47acea0cc0,61c6f85fa6ec6d0018acf40a
6137d429dbfe2f47acea0cc8,611bf1f6fe16ff48a850e2de
6137d429dbfe2f47acea0ccb,607362075b6a400017c4dfcf
6137d429dbfe2f47acea0cd8,607362075b6a400017c4dfcf
6137d429dbfe2f47acea0ceb,60adf9f2b27fc70017e1a8d6
6137d429dbfe2f47acea0d10,60adf9f2b27fc70017e1a8d6
6137d429dbfe2f47acea0d11,611bf1f6fe16ff48a850e2cf
6137d429dbfe2f47acea0d14,60adf9f2b27fc70017e1a8d6
6137d429dbfe2f47acea0d1a,61c6f85fa6ec6d0018acf40a
6137d429dbfe2f47acea0d22,61c6f85fa6ec6d0018acf40a
6137d429dbfe2f47acea0d24,611bf1f6fe16ff48a850e2f7
6137d429dbfe2f47acea0d63,611bf1f6fe16ff48a850e2bd
6137d429dbfe2f47acea0d76,611bf1f6fe16ff48a850e2de
61cdce9da8018f0018427c05,611bf1f6fe16ff48a850e2be
61cdd016a8018f0018427c08,60ad4c11241da200177c6edf
6210fd141a396f1b6a9bcef7,605cc55266809f0017dedc60
6210fd141a396f1b6a9bcefc,611bf1f6fe16ff48a850e2e5
6210fd141a396f1b6a9bceff,608703f8aa94ed00173e45cd
6210fd141a396f1b6a9bcf9f,611bf1f6fe16ff48a850e2ad
6210fd141a396f1b6a9bcfe1,6075ace75b6e5a0017c40ae2
6210fd141a396f1b6a9bcffd,611bf1f6fe16ff48a850e2b8
6210fd141a396f1b6a9bd021,61df5196ac8a1c00186039e9
6210fd141a396f1b6a9bd033,61df5196ac8a1c00186039e9
6210fd141a396f1b6a9bd049,6060f6f799d65b0017f26d9a
6210fd141a396f1b6a9bd0ab,611bf1f6fe16ff48a850e31a
6210fd141a396f1b6a9bd0bb,611bf1f6fe16ff48a850e316
6210fd141a396f1b6a9bd0c5,605cc55266809f0017dedc60
6210fd141a396f1b6a9bd0c7,61c46d274afd2a00188ee5f0
6210fd141a396f1b6a9bd0de,611bf1f6fe16ff48a850e2e5
6210fd141a396f1b6a9bd0ea,6048acbbe56ecc0017564863
6210fd141a396f1b6a9bd0f1,611bf1f6fe16ff48a850e31d
6210fd141a396f1b6a9bd10c,608c59ccf16ff70017cfecd5
6210fd141a396f1b6a9bd132,606ca8c685fe7b001700ff0a
6210fd141a396f1b6a9bd178,605ae1a30e7ed900173af25a
6210fd141a396f1b6a9bd17d,6048d2b0e56ecc001756486d
6210fd141a396f1b6a9bd197,6059f790e7a99d0017cde178
6210fd141a396f1b6a9bd1ab,611bf1f6fe16ff48a850e2bf
6210fd141a396f1b6a9bd234,611bf1f6fe16ff48a850e2d9
6210fd141a396f1b6a9bd271,6059f790e7a99d0017cde178
6210fd141a396f1b6a9bd27d,611bf1f6fe16ff48a850e2cf
6210fd141a396f1b6a9bd28d,611bf1f6fe16ff48a850e2cd
6210fd141a396f1b6a9bd28f,608197d970246700177714df
6210fd141a396f1b6a9bd298,611bf1f6fe16ff48a850e30e
6210fd141a396f1b6a9bd2a1,604899c9e56ecc0017564861
6210fd141a396f1b6a9bd2bb,611bf1f6fe16ff48a850e30c
6210fd141a396f1b6a9bd2be,61c46d274afd2a00188ee5f0
6210fd141a396f1b6a9bd2c0,606b4d9da2661f0017c67ee8
6210fd141a396f1b6a9bd2c6,608197d970246700177714df
6210fd141a396f1b6a9bd2cd,606b4d9da2661f0017c67ee8
6210fd141a396f1b6a9bd2ce,611bf1f6fe16ff48a850e30c
6210fd141a396f1b6a9bd2cf,60a1492ec55fb30017f085c6
6210fd141a396f1b6a9bd2d3,611bf1f6fe16ff48a850e2e9
6210fd141a396f1b6a9bd2de,6048da42e56ecc0017564881
6210fd141a396f1b6a9bd2df,606b4d9da2661f0017c67ee8
6210fd141a396f1b6a9bd2e9,607ed67b9318290017d92529
6210fd141a396f1b6a9bd2f8,605a180fbba0ab0017ed02e6
6210fd141a396f1b6a9bd302,605a84b6325dd80017ee12dd
6210fd141a396f1b6a9bd305,611bec29a3796c00171c2f8f
6210fd141a396f1b6a9bd30d,6058ecc1ca90dc001755c7b1
6210fd141a396f1b6a9bd33b,605cc55266809f0017dedc60
6210fd141a396f1b6a9bd341,611bf1f6fe16ff48a850e31d
6210fd141a396f1b6a9bd356,611bf1f6fe16ff48a850e313
6210fd141a396f1b6a9bd35c,611bf1f6fe16ff48a850e317
6210fd141a396f1b6a9bd35f,611bf1f6fe16ff48a850e2b0
6210fd141a396f1b6a9bd365,611bf1f6fe16ff48a850e2ce
6210fd141a396f1b6a9bd36f,605ae1a30e7ed900173af25a
6210fd141a396f1b6a9bd382,611bf1f6fe16ff48a850e2e9
6210fd141a396f1b6a9bd388,607362075b6a400017c4dfcf
6210fd141a396f1b6a9bd38c,60a1492ec55fb30017f085c6
6210fd141a396f1b6a9bd38f,611bf1f6fe16ff48a850e310
6210fd141a396f1b6a9bd394,605a84b6325dd80017ee12dd
6210fd141a396f1b6a9bd396,611bf1f6fe16ff48a850e2be
6210fd141a396f1b6a9bd39a,60a1492ec55fb30017f085c6
6210fd141a396f1b6a9bd39b,60a1492ec55fb30017f085c6
6210fd141a396f1b6a9bd3a6,60620ca10727700017d932d7
6210fd141a396f1b6a9bd3b4,606b4d9da2661f0017c67ee8
6210fd141a396f1b6a9bd3b9,611bf1f6fe16ff48a850e2ce
6210fd141a396f1b6a9bd3c0,605a84b6325dd80017ee12dd
6210fd141a396f1b6a9bd3ce,608197d970246700177714df
6210fd141a396f1b6a9bd3d3,605cc55266809f0017dedc60
6210fd141a396f1b6a9bd3f2,60532bcfaaeb6200179cd527
6210fd141a396f1b6a9bd3fa,611bf1f6fe16ff48a850e320
6210fd141a396f1b6a9bd404,605cc55266809f0017dedc60
6210fd141a396f1b6a9bd40a,611bf1f6fe16ff48a850e309
6210fd141a396f1b6a9bd436,611bf1f6fe16ff48a850e320
6210fd141a396f1b6a9bd43b,611bf1f6fe16ff48a850e306
6210fd141a396f1b6a9bd465,611bf1f6fe16ff48a850e30c
6210fd141a396f1b6a9bd473,611bf1f6fe16ff48a850e31d
6210fd141a396f1b6a9bd478,611bf1f6fe16ff48a850e310
6210fd141a396f1b6a9bd47d,611bf1f6fe16ff48a850e304
6210fd141a396f1b6a9bd482,611bf1f6fe16ff48a850e2d9
6210fd141a396f1b6a9bd485,611bf1f6fe16ff48a850e2d9
6210fd141a396f1b6a9bd48e,611bf1f6fe16ff48a850e2f2
6210fd141a396f1b6a9bd4a9,611bf1f6fe16ff48a850e2f2
6210fd141a396f1b6a9bd4ac,611bf1f6fe16ff48a850e320
6210fd141a396f1b6a9bd4ba,6060f6f799d65b0017f26d9a
6210fd141a396f1b6a9bd4c5,6058c9064cf1700017ce4e85
6210fd141a396f1b6a9bd4eb,605dc47d19793a00171e3d48
6210fd141a396f1b6a9bd4ec,611bf1f6fe16ff48a850e2f1
6210fd141a396f1b6a9bd501,611bf1f6fe16ff48a850e2f0
6210fd141a396f1b6a9bd510,6075ace75b6e5a0017c40ae2
6210fd141a396f1b6a9bd544,611bf1f6fe16ff48a850e2c6
6210fd141a396f1b6a9bd546,604e56756587330017697251
6210fd141a396f1b6a9bd547,611bf1f6fe16ff48a850e2bf
6210fd141a396f1b6a9bd554,6058ecc1ca90dc001755c7b1
6210fd141a396f1b6a9bd559,6059f790e7a99d0017cde178
6210fd141a396f1b6a9bd55f,611bf1f6fe16ff48a850e316
6210fd141a396f1b6a9bd567,611bf1f6fe16ff48a850e2ac
6210fd141a396f1b6a9bd573,611bf1f6fe16ff48a850e2ac
6210fd141a396f1b6a9bd574,611bf1f6fe16ff48a850e306
6210fd141a396f1b6a9bd596,611bf1f6fe16ff48a850e2fc
6210fd141a396f1b6a9bd5a1,6048d2b0e56ecc001756486d
6210fd141a396f1b6a9bd5a8,611bf1f6fe16ff48a850e31a
6210fd141a396f1b6a9bd5ab,611bf1f6fe16ff48a850e311
6210fd141a396f1b6a9bd5ae,611bf1f6fe16ff48a850e2cd
6210fd141a396f1b6a9bd5b3,609448fd74358300175c4a8c
6210fd141a396f1b6a9bd5ba,60525ab391530f001704bc38
6210fd141a396f1b6a9bd5c0,611bf1f6fe16ff48a850e307
6210fd141a396f1b6a9bd5c8,611bf1f6fe16ff48a850e2f3
6210fd141a396f1b6a9bd5cd,604899c9e56ecc0017564861
6210fd141a396f1b6a9bd5d2,611bf1f6fe16ff48a850e311
6210fd141a396f1b6a9bd5d8,604899c9e56ecc0017564861
6210fd141a396f1b6a9bd5e1,605cc55266809f0017dedc60
6210fd141a396f1b6a9bd5e8,605cc55266809f0017dedc60
6210fd141a396f1b6a9bd5f2,611bf1f6fe16ff48a850e2f9
6210fd141a396f1b6a9bd5fc,611bf1f6fe16ff48a850e2fe
6210fd141a396f1b6a9bd601,611bf1f6fe16ff48a850e301
6210fd141a396f1b6a9bd60c,611bf1f6fe16ff48a850e2fe
6210fd141a396f1b6a9bd615,611bf1f6fe16ff48a850e302
6210fd141a396f1b6a9bd622,611bf1f6fe16ff48a850e2fe
6210fd141a396f1b6a9bd62b,608703f8aa94ed00173e45cd
6210fd141a396f1b6a9bd633,608703f8aa94ed00173e45cd
6210fd141a396f1b6a9bd634,611bf1f6fe16ff48a850e30a
6210fd141a396f1b6a9bd637,608703f8aa94ed00173e45cd
6210fd141a396f1b6a9bd638,611bf1f6fe16ff48a850e2f7
6210fd141a396f1b6a9bd644,611bf1f6fe16ff48a850e313
6210fd141a396f1b6a9bd658,611bf1f6fe16ff48a850e30e
6210fd141a396f1b6a9bd66a,611bf1f6fe16ff48a850e30f
6210fd141a396f1b6a9bd68d,611bf1f6fe16ff48a850e2f9
6210fd141a396f1b6a9bd691,611bf1f6fe16ff48a850e30f
6210fd141a396f1b6a9bd698,611bf1f6fe16ff48a850e2f2
6210fd141a396f1b6a9bd6b6,611bf1f6fe16ff48a850e307
6210fd141a396f1b6a9bd6c4,611bf1f6fe16ff48a850e313
6210fd141a396f1b6a9bd6c8,6048da42e56ecc0017564881
6210fd141a396f1b6a9bd6df,611bf1f6fe16ff48a850e2f1
6210fd141a396f1b6a9bd6eb,611bf1f6fe16ff48a850e30e
6210fd141a396f1b6a9bd6ed,605cc55266809f0017dedc60
6210fd141a396f1b6a9bd6f4,611bf1f6fe16ff48a850e2fb
6210fd141a396f1b6a9bd702,611bf1f6fe16ff48a850e30e
6210fd141a396f1b6a9bd709,611bf1f6fe16ff48a850e30c
6210fd141a396f1b6a9bd70c,611bf1f6fe16ff48a850e2be
6210fd141a396f1b6a9bd718,611bf1f6fe16ff48a850e320
6210fd141a396f1b6a9bd719,611bf1f6fe16ff48a850e2fd
6210fd141a396f1b6a9bd71f,611bf1f6fe16ff48a850e2af
6210fd141a396f1b6a9bd720,611bf1f6fe16ff48a850e302
6210fd141a396f1b6a9bd728,611bf1f6fe16ff48a850e316
6210fd141a396f1b6a9bd72a,611bf1f6fe16ff48a850e306
6210fd141a396f1b6a9bd730,611bf1f6fe16ff48a850e307
6210fd141a396f1b6a9bd733,611bf1f6fe16ff48a850e2fc
6210fd141a396f1b6a9bd73f,611bf1f6fe16ff48a850e31a
6210fd141a396f1b6a9bd74f,611bf1f6fe16ff48a850e317
6210fd141a396f1b6a9bd759,611bf1f6fe16ff48a850e317
6210fd141a396f1b6a9bd765,607ed66d9318290017d92528
6210fd141a396f1b6a9bd76d,611bf1f6fe16ff48a850e313
6210fd141a396f1b6a9bd778,611bf1f6fe16ff48a850e30a